Price,Location
2672415,Mysore
1264801,Bangalore
2808955,Mysore
460361,Mangalore
908215,Hubli
1273045,Belgaum
1570965,Belgaum
1057836,Mangalore
1299549,Belgaum
1213141,Bangalore
2337255,Mysore
845322,Mysore
73200,Hubli
1475189,Hubli
3383613,Bangalore
294099,Bangalore
2383472,Mysore
2308049,Bangalore
497248,Belgaum
163491,Belgaum
2038049,Belgaum
2007974,Hubli
432323,Bangalore
304451,Mysore
674878,Mangalore
712661,Bangalore
249085,Mangalore
840764,Bangalore
494007,Mangalore
1254387,Mangalore
956451,Bangalore
1287129,Hubli
612301,Mysore
753923,Bangalore
529479,Bangalore
220300,Mangalore
244763,Hubli
1314786,Belgaum
1542060,Belgaum
1062955,Belgaum
1266523,Bangalore
588102,Belgaum
782850,Bangalore
1012678,Mysore
388951,Mangalore
1701691,Bangalore
1317115,Hubli
270374,Bangalore
1982776,Bangalore
860611,Bangalore
731583,Mysore
2029565,Bangalore
1230612,Mysore
1521902,Hubli
1061503,Mysore
1266245,Bangalore
352353,Bangalore
1768385,Bangalore
725887,Bangalore
558974,Belgaum
2808956,Bangalore
1706707,Mangalore
808035,Hubli
1608973,Hubli
1440941,Mysore
1722303,Belgaum
1246195,Mysore
413032,Mangalore
1186189,Hubli
2143890,Mysore
714232,Belgaum
2784491,Hubli
548769,Bangalore
1377582,Mysore
611561,Mangalore
1495196,Hubli
1261534,Belgaum
415405,Bangalore
1089620,Mangalore
1459022,Mysore
486737,Hubli
1917831,Belgaum
930492,Belgaum
2607167,Belgaum
911229,Mysore
598247,Belgaum
395332,Hubli
712798,Mysore
680918,Bangalore
2892892,Mangalore
367710,Mysore
1648049,Mangalore
451209,Mangalore
267979,Mangalore
1720999,Bangalore
1201724,Mangalore
437858,Mysore
1499746,Mysore
533784,Hubli
585864,Bangalore
758815,Bangalore
318398,Bangalore
1450546,Belgaum
252256,Bangalore
411174,Bangalore
1009962,Bangalore
344888,Bangalore
1162802,Bangalore
1364304,Belgaum
865727,Mangalore
2155270,Mysore
750335,Bangalore
824879,Mangalore
1899839,Hubli
1476626,Bangalore
958975,Belgaum
563293,Bangalore
1172419,Belgaum
911421,Bangalore
1710687,Mysore
1200575,Mangalore
473673,Hubli
727830,Belgaum
3367778,Hubli
947276,Bangalore
699032,Belgaum
1329962,Mangalore
1082384,Mangalore
1137020,Bangalore
303220,Mysore
683379,Bangalore
657811,Mangalore
1277364,Mangalore
392179,Belgaum
1589390,Belgaum
1285477,Mangalore
1495614,Belgaum
889604,Hubli
790751,Bangalore
1954789,Bangalore
1879204,Bangalore
1362472,Mangalore
641176,Belgaum
1508541,Belgaum
1511387,Bangalore
257433,Bangalore
1437763,Belgaum
630949,Bangalore
940593,Hubli
172622,Belgaum
1105465,Mysore
783231,Hubli
1040949,Mysore
2929123,Mangalore
1256888,Mysore
1339975,Bangalore
900099,Bangalore
153647,Bangalore
3081433,Mysore
584685,Mangalore
2387799,Belgaum
433595,Hubli
2017387,Mangalore
615334,Bangalore
689824,Mysore
3435747,Mysore
427923,Hubli
1041174,Bangalore
1414356,Bangalore
733624,Mysore
1241233,Mangalore
898805,Hubli
590295,Bangalore
331352,Bangalore
327350,Mysore
1510522,Mangalore
873074,Hubli
889092,Mangalore
1877282,Mangalore
741636,Bangalore
1038841,Mysore
934746,Mysore
905636,Mangalore
1168372,Belgaum
495926,Bangalore
391756,Mangalore
782427,Hubli
578747,Hubli
1742762,Mangalore
1582111,Belgaum
382266,Bangalore
213104,Bangalore
1305230,Mangalore
1867831,Bangalore
704463,Mysore
586672,Bangalore
371652,Bangalore
711132,Mangalore
800837,Bangalore
752834,Belgaum
1082524,Mysore
551379,Mysore
299065,Mysore
603612,Hubli
668916,Bangalore
690545,Bangalore
1446344,Bangalore
1731652,Bangalore
1217968,Hubli
964649,Bangalore
1085527,Belgaum
808192,Belgaum
402435,Hubli
1645483,Hubli
818921,Belgaum
1466212,Belgaum
260805,Mangalore
227296,Bangalore
1254683,Mysore
1000812,Bangalore
237840,Mysore
2524838,Belgaum
1087877,Belgaum
759130,Bangalore
248399,Bangalore
1660828,Belgaum
1942986,Mysore
629791,Bangalore
406900,Hubli
210079,Hubli
1229928,Bangalore
1620158,Bangalore
1014554,Bangalore
296438,Bangalore
1606978,Bangalore
2631975,Bangalore
1502313,Hubli
2368137,Bangalore
2615147,Bangalore
1729377,Bangalore
1413737,Bangalore
891333,Bangalore
1038566,Bangalore
644426,Mangalore
1164929,Belgaum
1671279,Mysore
1170134,Belgaum
1626733,Mysore
978509,Bangalore
735939,Mysore
391011,Bangalore
1677805,Mysore
900725,Hubli
543048,Mysore
903692,Belgaum
1315067,Belgaum
1171798,Mangalore
696240,Mysore
670809,Bangalore
459738,Mysore
678427,Mangalore
3604931,Bangalore
108997,Bangalore
1151245,Belgaum
803562,Mangalore
576398,Hubli
2135781,Mangalore
499521,Mangalore
1580423,Mysore
1828195,Belgaum
1665246,Belgaum
2360167,Bangalore
1389194,Hubli
945038,Mysore
1128475,Mysore
1900484,Belgaum
2112278,Bangalore
4073306,Belgaum
926848,Belgaum
444181,Mysore
924334,Mangalore
1896417,Mangalore
827942,Hubli
244122,Bangalore
261591,Bangalore
1696352,Hubli
2198762,Mangalore
599885,Bangalore
1096157,Hubli
1175684,Mysore
2644770,Belgaum
231560,Bangalore
496747,Mysore
1144328,Mysore
496853,Bangalore
97018,Mangalore
1666624,Mangalore
2032186,Bangalore
1018593,Bangalore
811756,Bangalore
859197,Belgaum
1123351,Hubli
373571,Belgaum
741766,Mysore
709569,Mangalore
1985541,Mysore
613476,Mysore
1741989,Mysore
808274,Hubli
591316,Mysore
2112082,Belgaum
326963,Belgaum
552545,Bangalore
1110002,Bangalore
206993,Bangalore
567432,Bangalore
1111077,Bangalore
980726,Mysore
1367395,Mangalore
999717,Bangalore
1577222,Mysore
532802,Belgaum
406007,Hubli
169400,Mangalore
599964,Hubli
398121,Belgaum
1592841,Hubli
838240,Bangalore
1300777,Bangalore
1380974,Mysore
1295686,Hubli
1227068,Mangalore
1248389,Mysore
695622,Mangalore
838371,Mangalore
266398,Bangalore
1278370,Belgaum
308756,Hubli
634055,Belgaum
1053278,Hubli
744805,Mangalore
1433255,Mangalore
1696635,Belgaum
1130912,Bangalore
1210039,Hubli
1495220,Mysore
743222,Belgaum
747021,Bangalore
367447,Belgaum
938289,Belgaum
974082,Bangalore
1317523,Mysore
749745,Mangalore
484580,Mangalore
1151994,Belgaum
916349,Mangalore
2190382,Bangalore
1833207,Mysore
452797,Mangalore
1827689,Bangalore
927897,Bangalore
1177654,Mysore
104155,Bangalore
1132204,Belgaum
1304247,Hubli
749488,Bangalore
473195,Mangalore
478481,Mangalore
354851,Belgaum
707251,Mangalore
605036,Mysore
158819,Bangalore
1246547,Mangalore
486753,Bangalore
475914,Mysore
1815717,Belgaum
633386,Belgaum
1925539,Hubli
601608,Hubli
951499,Bangalore
3554944,Mysore
280020,Mysore
207913,Bangalore
763163,Bangalore
537682,Bangalore
1112096,Mysore
1881582,Mysore
540345,Hubli
1894655,Mangalore
1736122,Bangalore
951937,Bangalore
578643,Bangalore
1498317,Bangalore
582673,Bangalore
795018,Mangalore
533903,Hubli
698638,Mangalore
740538,Mangalore
674546,Belgaum
252316,Mangalore
497504,Belgaum
1618443,Belgaum
1418014,Hubli
677106,Hubli
528314,Bangalore
3740826,Belgaum
1398336,Bangalore
347646,Mangalore
384489,Mangalore
397977,Mysore
550674,Bangalore
1391422,Bangalore
197091,Mangalore
1190244,Mysore
1303027,Mangalore
2585329,Belgaum
1490037,Bangalore
577435,Belgaum
1001578,Mysore
261804,Bangalore
1536680,Belgaum
991393,Belgaum
909176,Bangalore
987826,Hubli
680405,Bangalore
989211,Hubli
484119,Mangalore
1108330,Hubli
936705,Mysore
779427,Mysore
2331656,Mysore
1362669,Hubli
1326231,Belgaum
1076672,Belgaum
947833,Bangalore
554226,Bangalore
942200,Bangalore
493193,Bangalore
2128342,Bangalore
1025243,Mysore
421421,Hubli
2240265,Mangalore
1593619,Belgaum
1740477,Belgaum
1268781,Hubli
229783,Mangalore
902385,Mangalore
1810529,Bangalore
600894,Belgaum
596224,Bangalore
2567276,Bangalore
512280,Bangalore
990287,Mysore
967635,Hubli
982636,Bangalore
518737,Hubli
633496,Mangalore
1210354,Bangalore
3317530,Mysore
1206407,Mysore
1795834,Mysore
1009562,Mangalore
1669680,Belgaum
1320981,Mangalore
1196188,Bangalore
1771479,Mangalore
3181461,Bangalore
1566147,Bangalore
659713,Bangalore
557953,Bangalore
996893,Mysore
762200,Hubli
325220,Mysore
241413,Belgaum
730001,Bangalore
1956741,Mangalore
1093785,Belgaum
989017,Hubli
1042371,Mysore
900933,Hubli
1194143,Mysore
1881008,Hubli
613733,Mysore
1515500,Mysore
427461,Hubli
1009142,Bangalore
204022,Bangalore
1015213,Belgaum
840894,Mangalore
1736076,Bangalore
666625,Mysore
606075,Belgaum
1322453,Mangalore
303872,Hubli
2987489,Bangalore
510573,Bangalore
268872,Mysore
291910,Hubli
588750,Mangalore
1239280,Belgaum
